[



{
    "id": 1,
    "question":"How do you print the top-level keys of the life dictionary?",
                                                                                                    
    "options":["print(life.keys())",
    "print(life.top_keys())",
    "print(list(life))",
    "print(life.get_top_keys())"
    ],
    "answer":"print(life.keys())",
    "discription":"To print the top-level keys of the life dictionary, use life.keys() which returns a view of the dictionary's keys. Converting this view to a list, if needed, will show the keys."
},

{
    "id": 2,
    "question":"Print the keys for life['animals'].",
                                                                                                    
    "options":["print(life['animals'].keys())",
    "print(life['animals'].items())",
    "print(life['animals'].values())",
    "print(life['animals'].get_keys())"
    ],
    "answer":"print(life['animals'].keys())",
    "discription":"To print the keys of the dictionary stored under life['animals'], use life['animals'].keys(). This will give a view of the keys for the nested dictionary."
},

{
    "id": 3,
    "question":"Print the values for life['animals']['cats']",
                                                                                                    
    "options":["print(life['animals']['cats'])",
    "print(life['animals']['cats'].values())",
    "print(life['animals']['cats'].items())",
    "print(life['animals']['cats'].keys())"
    ],
    "answer":"print(life['animals']['cats'])",
    "discription":"To print the values for life['animals']['cats'], you directly access life['animals']['cats'] which is a list of cat names. Using .values() or .items() is not applicable here since it's a list, not a dictionary."
},

{
    "id": 4,
    "question":"How do you write a set of conditional tests to print 'too low' if guess_me is less than 7, 'too high' if greater than 7, and 'just right' if equal to 7, after assigning the value 7 to guess_me?",
                                                                                                    
    "options":["guess_me = 7\nif guess_me < 7:\n    print('too low')\nelif guess_me > 7:\n    print('too high')\nelse:\n    print('just right')",
    "guess_me = 7\nif guess_me > 7:\n    print('too low')\nelif guess_me < 7:\n    print('too high')\nelse:\n    print('just right')",
    "guess_me = 7\nif guess_me == 7:\n    print('too low')\nelif guess_me < 7:\n    print('too high')\nelse:\n    print('just right')",
    "guess_me = 7\nif guess_me < 7:\n    print('too high')\nelif guess_me == 7:\n    print('too high')\nelse:\n    print('just right')"
    ],
    "answer":"guess_me = 7\nif guess_me < 7:\n    print('too low')\nelif guess_me > 7:\n    print('too high')\nelse:\n    print('just right')",
    "discription":"Assign the value 7 to guess_me, then use if, elif, and else statements to compare guess_me and print the appropriate message based on whether it's less than, greater than, or equal to 7."
},

{
    "id": 5,
    "question":"Assign the value 7 to the variable guess_me and the value 1 to the variable start. Write a while loop that compares start with guess_me. Print too low if start is less than guess me. If start equals guess_me, print 'found it!' and exit the loop. If start is greater than guess_me, print 'oops' and exit the loop. Increment start at the end of the loop.",
                                                                                                    
    "options":["guess_me = 7\nstart = 1\n while start <= guess_me:\n    if start < guess_me:\n        print('too low')\n    elif start == guess_me:\n        print('found it!')\n        break\n    start += 1\nelse:\n    print('oops')",
    "guess_me = 7\nstart = 1\n while start <= guess_me:\n    if start > guess_me:\n        print('oops')\n        break\n    elif start == guess_me:\n        print('found it!')\n        break\n    else:\n        print('too low')\n    start += 1",
    "guess_me = 7\nstart = 1\n  while start <= guess_me:\n    if start == guess_me:\n        print('found it!')\n        break\n    elif start > guess_me:\n        print('oops')\n        break\n    else:\n        print('too low')\n    start += 1",
    "guess_me = 7\nstart = 1\n  while start <= guess_me:\n    if start == guess_me:\n        print('oops')\n        break\n    elif start > guess_me:\n        print('too low')\n        break\n    else:\n        print('found it!')\n    start += 1"
    ],
    "answer":"guess_me = 7\nstart = 1\n  while start <= guess_me:\n    if start == guess_me:\n        print('found it!')\n        break\n    elif start > guess_me:\n        print('oops')\n        break\n    else:\n        print('too low')\n    start += 1",
    "discription":"Assign 7 to guess_me and 1 to start. The loop compares start with guess_me, printing 'too low' if start is less, 'found it!'' if they are equal (and exits the loop), or 'oops' if start exceeds guess_me (and exits the loop). The variable start is incremented at the end of each iteration."
},

{
    "id": 6,
    "question":"Use a list comprehension to make a list of the even numbers in range(10)",
                                                                                                    
    "options":["even_numbers = [x for x in range(10) if x % 2 == 0]",
    "even_numbers = [x for x in range(10) if x % 2 != 0]",
    "even_numbers = [x for x in range(10)]",
    "even_numbers = [x for x in range(10) if x % 3 == 0]"
    ],
    "answer":"even_numbers = [x for x in range(10) if x % 2 == 0]",
    "discription":"This list comprehension iterates over the numbers in range(10) and includes only those that are even (x % 2 == 0), resulting in a list of even numbers [0, 2, 4, 6, 8]."
},

{
    "id": 7,
    "question":"How do you use a dictionary comprehension to create a dictionary called squares, where the keys are from range(10) and the values are the squares of the keys?",
                                                                                                    
    "options":["squares = {x: x + x for x in range(10)}",
    "squares = {x: x ** 2 for x in range(10)}",
    "squares = {x: x * 2 for x in range(10)}",
    "squares = {x: x - x for x in range(10)}"
    ],
    "answer":"squares = {x: x ** 2 for x in range(10)}",
    "discription":"This dictionary comprehension iterates over the numbers in range(10), creating keys from the range and assigning each key's square as its corresponding value, resulting in a dictionary like {0: 0, 1: 1, 2: 4, ..., 9: 81}."
},

{
    "id": 8,
    "question":"Construct the set odd from the odd numbers in the range using a set comprehension (10).",
                                                                                                    
    "options":["odd = {x for x in range(10) if x % 2 == 0}",
    "odd = {x for x in range(10) if x % 2 != 0}",
    "odd = {x for x in range(10) if x > 5}",
    "odd = {x for x in range(10) if x % 3 == 0}"
    ],
    "answer":"odd = {x for x in range(10) if x % 2 != 0}",
    "discription":"This set comprehension iterates over the numbers in range(10) and includes only the odd numbers (x % 2 != 0), creating a set containing {1, 3, 5, 7, 9}."
},

{
    "id": 9,
    "question":"Use a generator comprehension to return the string 'Got ' and a number for the numbers in range(10). Iterate through this by using a for loop.",
                                                                                                    
    "options":["gen = ('Got ' + str(x) for x in range(10))\nfor item in gen:\n    print(item)",
    "gen = ['Got ' + str(x) for x in range(10)]\nfor item in gen:\n    print(item)",
    "gen = {'Got ' + str(x) for x in range(10)}\nfor item in gen:\n    print(item)",
    "gen = ('Got ' + str(x) for x in range(10))\nfor item in range(10):\n    print(gen)"
    ],
    "answer":"gen = ('Got ' + str(x) for x in range(10))\nfor item in gen:\n    print(item)",
    "discription":"This generator comprehension creates a sequence that produces the string 'Got ' followed by each number in range(10). The for loop then iterates through the generator, printing each generated string, such as 'Got 0', 'Got 1', up to 'Got 9'."
},

{
    "id": 10,
    "question":"Define a generator function called get_odds that returns the odd numbers from range(10). Use a for loop to find and print the third value returned.",
                                                                                                    
    "options":["def get_odds():\n    for i in range(10):\n        if i % 2 != 0:\n            yield i\nthird_odd = list(get_odds())[2]\nprint(third_odd)",
    "def get_odds():\n    for i in range(10):\n        if i % 2 != 0:\n            return i\nthird_odd = list(get_odds())[2]\nprint(third_odd)",
    "def get_odds():\n    for i in range(10):\n        if i % 2 != 0:\n            yield i\nfor idx, value in enumerate(get_odds()):\n    if idx == 2:\n        print(value)",
    "def get_odds():\n    for i in range(10):\n        if i % 2 != 0:\n            yield i\nfor idx, value in enumerate(get_odds()):\n    if idx == 3:\n        print(value)"
    ],
    "answer":"def get_odds():\n    for i in range(10):\n        if i % 2 != 0:\n            yield i\nfor idx, value in enumerate(get_odds()):\n    if idx == 2:\n        print(value)",
    "discription":"The generator function get_odds yields odd numbers from range(10). The for loop with enumerate() is then used to iterate through the generator and print the third value returned by the generator."
},

{
    "id": 11,
    "question":"How would you import the hours() function from the zoo module as info and call it?",
                                                                                                    
    "options":["import zoo.hours as info\ninfo()",
    "from zoo import hours as info\ninfo()",
    "from zoo.hours import info\ninfo()",
    "import zoo as info\ninfo.hours()"
    ],
    "answer":"from zoo import hours as info\ninfo()",
    "discription":"This option shows the correct way to import the hours() function from the zoo module and rename it as info, then call it in the interpreter."
},

{
    "id": 12,
    "question":"How would you make an OrderedDict called fancy from the key-value pairs 'a': 1, 'b': 2, and 'c': 3, and print it? Did it print in the same order as a plain dictionary?",
                                                                                                    
    "options":["from collections import OrderedDict\nfancy = OrderedDict([('a', 1), ('b', 2), ('c', 3)])\nprint(fancy)",
    "from collections import OrderedDict\nfancy = OrderedDict('a': 1, 'b': 2, 'c': 3)\nprint(fancy)",
    "fancy = {'a': 1, 'b': 2, 'c': 3}\nprint(fancy)",
    "from collections import OrderedDict\nfancy = OrderedDict({'a': 1, 'b': 2, 'c': 3})\nprint(fancy)"
    ],
    "answer":"from collections import OrderedDict\nfancy = OrderedDict([('a', 1), ('b', 2), ('c', 3)])\nprint(fancy)",
    "discription":"This option correctly creates an OrderedDict with the specified key-value pairs and prints it. An OrderedDict preserves the order of items as they are added, so it prints in the same order as a plain dictionary (from Python 3.7+)."
},

{
    "id": 13,
    "question":"You have created a class called Thing with no contents and printed it. Then, you created an object called example from this class and printed it as well. Are the printed values of the class and the object the same or different?",
                                                                                                    
    "options":["The printed values are the same because both the class and the object have no contents.",
    "The printed values are different because the class and the object are different entities in memory.",
    "The printed values are the same because the object is a direct instance of the class.",
    "The printed values are different because the class has no contents, but the object is an instance of that class."
    ],
    "answer":"The printed values are different because the class and the object are different entities in memory.",
    "discription":"The class Thing and the object example are different entities, so their printed values will reflect their unique memory addresses, making them different."
},

{
    "id": 14,
    "question":"You created an Element class with the instance attributes name, symbol, and number. How do you create an object of this class with the values 'Hydrogen', 'H', and 1?",
                                                                                                    
    "options":["element = Element['Hydrogen', 'H', 1]",
    "element = Element('Hydrogen', 'H', 1)",
    "element = Element.name('Hydrogen').symbol('H').number(1)",
    "element = Element.create('Hydrogen', 'H', 1)"
    ],
    "answer":"element = Element('Hydrogen', 'H', 1)",
    "discription":"To create an object of the Element class with specific values for name, symbol, and number, you call the class with these values as arguments like Element('Hydrogen', 'H', 1)."
},

{
    "id": 15,
    "question":"For the Element class, you need to define a method called dump() that prints the values of the object's attributes (name, symbol, and number). How do you define this method and use it to print the attributes of an object called hydrogen?",
                                                                                                    
    "options":["Define dump() as def dump(self): print(self.name, self.symbol, self.number) and call hydrogen.dump().",
    "Define dump() as def dump(): print(self.name, self.symbol, self.number) and call hydrogen.dump().",
    "Define dump() as def dump(self): print(name, symbol, number) and call Element.dump(hydrogen).",
    "Define dump() as def dump(self): print(self['name'], self['symbol'], self['number']) and call hydrogen.dump()."
    ],
    "answer":"Define dump() as def dump(self): print(self.name, self.symbol, self.number) and call hydrogen.dump().",
    "discription":"To define a method dump() in the Element class that prints the object's attributes, use def dump(self): print(self.name, self.symbol, self.number) and then call hydrogen.dump() to display the attributes."
},

{
    "id": 16,
    "question":"To define the classes Bear, Rabbit, and Octothorpe, each with a method eats() that returns different strings, how should you implement these classes and use them?",
                                                                                                    
    "options":["Define each class with the eats() method returning the specified string. Instantiate each class, call the eats() method on each object, and print the results.",
    "Define each class with a single eats() method returning None. Instantiate each class, and manually assign the values 'berries', 'clover', and 'campers' to each object before printing.",
    "Define a single class with an eats() method that takes a parameter. Instantiate this class three times with different parameters and print the results.",
    "Define each class with the eats() method returning a constant value 'food'. Instantiate each class, call the eats() method on each object, and print the results."
    ],
    "answer":"Define each class with the eats() method returning the specified string. Instantiate each class, call the eats() method on each object, and print the results.",
    "discription":"To implement the classes Bear, Rabbit, and Octothorpe, define an eats() method in each class that returns the specific string ('berries', 'clover', or 'campers'). After creating an instance of each class, call the eats() method on these instances and print the result. This approach ensures each class has a distinct behavior as specified."
},

{
    "id": 17,
    "question":"To set the variable test1 to the string 'This is a test of the emergency text system,' and save it to a file named test.txt, which of the following methods is correct?",
                                                                                                    
    "options":["Open the file test.txt in write mode, write test1 to it, and then close the file.",
    "Use open('test.txt', 'w') to create the file, and then use write(test1) to save the content, without closing the file.",
    "Use open('test.txt', 'w') to create the file, write test1 to it with write(), and then use close() on test1.",
    "Use file('test.txt', 'w').write(test1) to create and write to the file in a single line."
    ],
    "answer":"Open the file test.txt in write mode, write test1 to it, and then close the file.",
    "discription":"To save the string stored in test1 to a file named test.txt, you should open the file in write mode using open('test.txt', 'w'), write the content using write(test1), and then close the file using close(). This ensures that the string is properly written to the file and that resources are released after writing."
},

{
    "id": 18,
    "question":"To read the contents of the file test.txt into the variable test2, and determine if there is a difference between test1 and test2, which of the following methods is correct?",
                                                                                                    
    "options":["Open test.txt in read mode, read the contents into test2, and then compare test1 and test2.",
    "Open test.txt in write mode, read the contents into test2, and compare test1 and test2.",
    "Open test.txt in append mode, read the contents into test2, and then compare test1 and test2.",
    "Use read('test.txt') to get the contents into test2 and compare it directly with test1."
    ],
    "answer":"Open test.txt in read mode, read the contents into test2, and then compare test1 and test2.",
    "discription":"To read the contents of test.txt into test2, you should open the file in read mode using open('test.txt', 'r'), read the contents into test2 using read(), and then compare test1 and test2. This method ensures that the file is correctly read and its contents are compared as expected."
},

{
    "id": 19,
    "question":"Use the sqlite3 module to create a SQLite database called books.db, and a table called books with these fields: title (text), author (text), and year (integer).",
                                                                                                    
    "options":["import sqlite3\n    conn = sqlite3.connect('books.db')\ncursor = conn.cursor()\ncursor.execute('''\n    CREATE TABLE books (\n        title TEXT,\n        author TEXT,\n        year INTEGER\n    )\n''')\nconn.commit()\nconn.close()",
    "import sqlite3\n   conn = sqlite3.connect('books.db')\ncursor = conn.cursor()\ncursor.execute('''\n    CREATE DATABASE books.db\n    CREATE TABLE books (\n        title TEXT,\n        author TEXT,\n        year INTEGER\n    )\n''')\nconn.commit()\nconn.close()",
    "import sqlite3\n   conn = sqlite3.connect('books.db')\ncursor = conn.cursor()\ncursor.execute('''\n    CREATE TABLE books (\n        title TEXT,\n        author TEXT,\n        year TEXT\n    )\n''')\nconn.commit()\nconn.close()",
    "import sqlite3\n   conn = sqlite3.connect('books.db')\ncursor = conn.cursor()\ncursor.execute('''\n    CREATE TABLE books (\n        title TEXT,\n        author TEXT,\n        year INTEGER\n    )\n''')\nconn.commit()\nconn.disconnect()"
    ],
    "answer":"import sqlite3\n    conn = sqlite3.connect('books.db')\ncursor = conn.cursor()\ncursor.execute('''\n    CREATE TABLE books (\n        title TEXT,\n        author TEXT,\n        year INTEGER\n    )\n''')\nconn.commit()\nconn.close()",
    "discription":"To create a SQLite database and a table using the sqlite3 module, you need to connect to the database, execute a CREATE TABLE statement with the correct field types, commit the changes, and close the connection. Option A correctly performs these steps."
},

{
    "id": 20,
    "question":"To select and print the title column from the book table in alphabetical order, which SQL query would you use?",
                                                                                                    
    "options":["SELECT title FROM book ORDER BY title ASC;",
    "SELECT title FROM book WHERE ORDER BY title;",
    "SELECT title FROM book ORDER BY title DESC;",
    "SELECT title FROM book;"
    ],
    "answer":"SELECT title FROM book ORDER BY title ASC;",
    "discription":"To get the title column from the book table in alphabetical order, use the query SELECT title FROM book ORDER BY title ASC;. The ORDER BY title ASC clause sorts the titles in ascending alphabetical order, which is the default sorting order."
}

]