[
    {"id": 1,
"question":"What is the primary purpose of PEP 8 in Python?",

"options":["To improve the performance of Python code",
"To ensure that Python code runs faster",
"To provide guidelines for writing clean and readable code",
"To enforce strict rules for Python syntax"],
"answer":"To provide guidelines for writing clean and readable code",
"description":"PEP 8 is a style guide that provides conventions for writing Python code in a way that is clean, readable, and consistent, making it easier for developers to collaborate and maintain codebases."
},

{"id": 2,
"question":"Who were the authors of PEP 8?",

"options":["Guido van Rossum, Barry Warsaw, and Alyssa Coghlan",
"Guido van Rossum, Tim Peters, and Barry Warsaw",
"Guido van Rossum, Alyssa Coghlan, and Tim Peters",
"Barry Warsaw, Tim Peters, and Alyssa Coghlan"],
"answer":"Guido van Rossum, Barry Warsaw, and Alyssa Coghlan",
"description":"These individuals were the authors of PEP 8, which provides guidelines on writing Python code."
},

{"id": 3,
"question":"What does 'PEP' in PEP 8 stand for?",

"options":["Python Execution Program",
"Python Enhancement Proposal",
"Python Extension Protocol",
"Python Environment Project"],
"answer":"Python Enhancement Proposal",
"description":"PEP stands for Python Enhancement Proposal, which includes documents that propose new features or guidelines, like PEP 8, which focuses on Python code style."
},

{"id": 4,
"question":"Why We Need PEP 8",

"options":["It increases the execution speed of Python code.",
"It provides guidelines to make Python code more readable and consistent.",
"It introduces new syntax features in Python.",
"It enhances Python's security features."],
"answer":"It provides guidelines to make Python code more readable and consistent.",
"description":"PEP 8 is crucial because it offers guidelines that help developers write Python code that is more readable and consistent, making it easier for others to understand and maintain."
},

{"id": 5,
"question":"Which of the following is a correct naming convention for variables in Python according to PEP 8?",

"options":["variableName",
"variable_name",
"VariableName",
"VARIABLE_NAME"],
"answer":"variable_name",
"description":"The correct answer is 'variable_name.' PEP 8 recommends using lowercase letters with words separated by underscores for variable names to improve readability and consistency in Python code."
},

{"id": 6,
"question":"Which of the following is a key guideline related to code layout according to PEP 8",

"options":["Always use tabs for indentation",
"Limit all lines to a maximum of 79 characters",
"Place all imports at the bottom of the file",
"Write all code in a single line without breaks"],
"answer":"Limit all lines to a maximum of 79 characters",
"description":"PEP 8 recommends limiting all lines of code to a maximum of 79 characters to enhance readability and maintain a clean code layout."
},

{"id": 7,
"question":"What is the purpose of indentation in Python code?",

"options":["To separate comments from code",
"To denote the beginning and end of a code block",
"To define variable types",
"To execute code in parallel"],
"answer":"To denote the beginning and end of a code block",
"description":"Indentation in Python is used to define the structure of code blocks, such as loops, functions, and conditionals. Proper indentation is essential for indicating the start and end of these blocks."
},

{"id": 8,
"question":"According to PEP 8, which of the following statements about comments is correct?",

"options":["Comments should be used excessively, even if the code is self-explanatory.",
"Comments should be aligned with the code they describe and should be clear and concise.",
"Comments are not necessary if the code is already documented.",
"Comments can be written in any language."],
"answer":"Comments should be aligned with the code they describe and should be clear and concise.",
"description":"According to PEP 8, comments should be clear, concise, and properly aligned with the code they are describing. This ensures that comments are helpful and improve the readability of the code."
},

{"id": 9,
"question":"What is the purpose of block comments in Python code?",

"options":["To define a function or class",
"To document sections of code with detailed explanations",
"To import external libraries",
"To handle exceptions in code"],
"answer":"To document sections of code with detailed explanations",
"description":"Block comments are used to provide detailed explanations or descriptions of sections of code. They help improve code readability and understanding by documenting what specific parts of the code do."
},

{"id": 10,
"question":"What is the purpose of documentation strings (docstrings) in Python?",

"options":["To improve code execution speed",
"To provide a way to include metadata in Python files",
"To describe the purpose and usage of functions, classes, and modules",
"To handle exceptions in Python code"],
"answer":"To describe the purpose and usage of functions, classes, and modules",
"description":"Docstrings are used to provide a description of the purpose and usage of functions, classes, and modules. They are written inside triple quotes and help in understanding the code by explaining what each part does."
},

{"id": 11,
"question":"How should whitespace be used in Python expressions and statements according to PEP 8 guidelines?",

"options":["Use extra whitespace around operators for better readability",
"Avoid unnecessary whitespace in expressions and statements",
"Always include extra whitespace around parentheses",
"Use double spaces around commas for clarity"],
"answer":"Avoid unnecessary whitespace in expressions and statements",
"description":"According to PEP 8, unnecessary whitespace should be avoided in expressions and statements to maintain clean and readable code. This helps prevent ambiguity and makes the code more consistent."
},

{"id": 12,
"question":"Which of the following is a recommended programming practice according to PEP 8?",

"options":["Use tabs for indentation",
"Limit lines to 80 characters",
"Name variables using CamelCase",
"Write comments in all uppercase"],
"answer":"Limit lines to 80 characters",
"description":"According to PEP 8, it is recommended to limit lines to 80 characters to improve code readability and maintainability. This practice helps ensure that code is easily readable on various devices and in different contexts."
},

{"id": 13,
"question":"When should PEP 8 be ignored?",

"options":["When writing code for personal projects that won't be shared",
"When collaborating on a team project",
"When using Python libraries",
"When adhering to a different coding standard required by a project"],
"answer":"When adhering to a different coding standard required by a project",
"description":"PEP 8 should be ignored if a project has a different coding standard that is required by the project or organization. In such cases, following the project's specific guidelines is more important than adhering to PEP 8."
},

{"id": 14,
"question":"Which of the following is a tip to help ensure your code follows PEP 8 guidelines?",

"options":["Avoid using comments in your code",
"Write code without considering line length",
"Use spaces around operators and after commas",
"Name variables using single letters"],
"answer":"Use spaces around operators and after commas",
"description":"To ensure your code adheres to PEP 8, you should use spaces around operators and after commas. This improves readability and consistency in Python code."
},

{"id": 15,
"question":"What is one purpose of using linters and autoformatters in the context of PEP 8?",

"options":["To create new Python features",
"To check code against PEP 8 guidelines and apply corrections automatically",
"To improve the performance of Python code",
"To write Python code from scratch"],
"answer":"To check code against PEP 8 guidelines and apply corrections automatically",
"description":"Linters and autoformatters are tools used to ensure that your Python code adheres to PEP 8 guidelines by automatically checking and applying corrections to maintain code style consistency."
}
]